{
  "trend_gbm": {
    "(0, 0)": -0.593283,
    "(0, 2)": -0.620487,
    "(0, 5)": -0.661071,
    "(0, 10)": -0.728067,
    "(2, 0)": -0.620487,
    "(2, 2)": -0.647574,
    "(2, 5)": -0.68797,
    "(2, 10)": -0.754623,
    "(5, 0)": -0.661071,
    "(5, 2)": -0.68797,
    "(5, 5)": -0.728067,
    "(5, 10)": -0.794178,
    "(10, 0)": -0.728067,
    "(10, 2)": -0.754623,
    "(10, 5)": -0.794178,
    "(10, 10)": -0.859316,
    "(20, 0)": -0.859316,
    "(20, 2)": -0.885081,
    "(20, 5)": -0.923401,
    "(20, 10)": -0.986359,
    "cost_breakeven_commission_bps": "already_negative_at_zero_cost",
    "cost_breakeven_slippage_bps": "already_negative_at_zero_cost"
  },
  "mean_rev_ou": {
    "(0, 0)": -0.286448,
    "(0, 2)": -0.314557,
    "(0, 5)": -0.35665,
    "(0, 10)": -0.426562,
    "(2, 0)": -0.314557,
    "(2, 2)": -0.34263,
    "(2, 5)": -0.384656,
    "(2, 10)": -0.454423,
    "(5, 0)": -0.35665,
    "(5, 2)": -0.384656,
    "(5, 5)": -0.426562,
    "(5, 10)": -0.496083,
    "(10, 0)": -0.426562,
    "(10, 2)": -0.454423,
    "(10, 5)": -0.496083,
    "(10, 10)": -0.565111,
    "(20, 0)": -0.565111,
    "(20, 2)": -0.592563,
    "(20, 5)": -0.633551,
    "(20, 10)": -0.70131,
    "cost_breakeven_commission_bps": "already_negative_at_zero_cost",
    "cost_breakeven_slippage_bps": "already_negative_at_zero_cost"
  },
  "regime_switch": {
    "(0, 0)": 0.008082,
    "(0, 2)": -0.028294,
    "(0, 5)": -0.082816,
    "(0, 10)": -0.173495,
    "(2, 0)": -0.028294,
    "(2, 2)": -0.06465,
    "(2, 5)": -0.119123,
    "(2, 10)": -0.209671,
    "(5, 0)": -0.082816,
    "(5, 2)": -0.119123,
    "(5, 5)": -0.173495,
    "(5, 10)": -0.263804,
    "(10, 0)": -0.173495,
    "(10, 2)": -0.209671,
    "(10, 5)": -0.263804,
    "(10, 10)": -0.353601,
    "(20, 0)": -0.353601,
    "(20, 2)": -0.389344,
    "(20, 5)": -0.442743,
    "(20, 10)": -0.531096,
    "cost_breakeven_commission_bps": "already_negative_at_zero_cost",
    "cost_breakeven_slippage_bps": "already_negative_at_zero_cost"
  },
  "fat_tail": {
    "(0, 0)": -0.236692,
    "(0, 2)": -0.270573,
    "(0, 5)": -0.321374,
    "(0, 10)": -0.405889,
    "(2, 0)": -0.270573,
    "(2, 2)": -0.304445,
    "(2, 5)": -0.35521,
    "(2, 10)": -0.439607,
    "(5, 0)": -0.321374,
    "(5, 2)": -0.35521,
    "(5, 5)": -0.405889,
    "(5, 10)": -0.490055,
    "(10, 0)": -0.405889,
    "(10, 2)": -0.439607,
    "(10, 5)": -0.490055,
    "(10, 10)": -0.573692,
    "(20, 0)": -0.573692,
    "(20, 2)": -0.60696,
    "(20, 5)": -0.656627,
    "(20, 10)": -0.738691,
    "cost_breakeven_commission_bps": "already_negative_at_zero_cost",
    "cost_breakeven_slippage_bps": "already_negative_at_zero_cost"
  },
  "cost_breakeven_commission_bps": "already_negative_at_zero_cost",
  "cost_breakeven_slippage_bps": "already_negative_at_zero_cost"
}
