{
  "trend_gbm": {
    "(0, 0)": 0.245563,
    "(0, 2)": 0.238941,
    "(0, 5)": 0.229001,
    "(0, 10)": 0.21242,
    "(2, 0)": 0.238941,
    "(2, 2)": 0.232315,
    "(2, 5)": 0.222371,
    "(2, 10)": 0.205782,
    "(5, 0)": 0.229001,
    "(5, 2)": 0.222371,
    "(5, 5)": 0.21242,
    "(5, 10)": 0.195821,
    "(10, 0)": 0.21242,
    "(10, 2)": 0.205782,
    "(10, 5)": 0.195821,
    "(10, 10)": 0.179209,
    "(20, 0)": 0.179209,
    "(20, 2)": 0.172561,
    "(20, 5)": 0.162586,
    "(20, 10)": 0.145955,
    "cost_breakeven_commission_bps": ">max_grid",
    "cost_breakeven_slippage_bps": ">max_grid"
  },
  "mean_rev_ou": {
    "(0, 0)": 0.008638,
    "(0, 2)": 0.003513,
    "(0, 5)": -0.004176,
    "(0, 10)": -0.016992,
    "(2, 0)": 0.003513,
    "(2, 2)": -0.001613,
    "(2, 5)": -0.009302,
    "(2, 10)": -0.022119,
    "(5, 0)": -0.004176,
    "(5, 2)": -0.009302,
    "(5, 5)": -0.016992,
    "(5, 10)": -0.02981,
    "(10, 0)": -0.016992,
    "(10, 2)": -0.022119,
    "(10, 5)": -0.02981,
    "(10, 10)": -0.042627,
    "(20, 0)": -0.042627,
    "(20, 2)": -0.047753,
    "(20, 5)": -0.055442,
    "(20, 10)": -0.068254,
    "cost_breakeven_commission_bps": "already_negative_at_zero_cost",
    "cost_breakeven_slippage_bps": "already_negative_at_zero_cost"
  },
  "regime_switch": {
    "(0, 0)": 0.005083,
    "(0, 2)": 0.001868,
    "(0, 5)": -0.002954,
    "(0, 10)": -0.010984,
    "(2, 0)": 0.001868,
    "(2, 2)": -0.001347,
    "(2, 5)": -0.006167,
    "(2, 10)": -0.014195,
    "(5, 0)": -0.002954,
    "(5, 2)": -0.006167,
    "(5, 5)": -0.010984,
    "(5, 10)": -0.019007,
    "(10, 0)": -0.010984,
    "(10, 2)": -0.014195,
    "(10, 5)": -0.019007,
    "(10, 10)": -0.027021,
    "(20, 0)": -0.027021,
    "(20, 2)": -0.030224,
    "(20, 5)": -0.035026,
    "(20, 10)": -0.04302,
    "cost_breakeven_commission_bps": "already_negative_at_zero_cost",
    "cost_breakeven_slippage_bps": "already_negative_at_zero_cost"
  },
  "fat_tail": {
    "(0, 0)": 0.345846,
    "(0, 2)": 0.342109,
    "(0, 5)": 0.336501,
    "(0, 10)": 0.327145,
    "(2, 0)": 0.342109,
    "(2, 2)": 0.338371,
    "(2, 5)": 0.33276,
    "(2, 10)": 0.3234,
    "(5, 0)": 0.336501,
    "(5, 2)": 0.33276,
    "(5, 5)": 0.327145,
    "(5, 10)": 0.317779,
    "(10, 0)": 0.327145,
    "(10, 2)": 0.3234,
    "(10, 5)": 0.317779,
    "(10, 10)": 0.308405,
    "(20, 0)": 0.308405,
    "(20, 2)": 0.304653,
    "(20, 5)": 0.299023,
    "(20, 10)": 0.289635,
    "cost_breakeven_commission_bps": ">max_grid",
    "cost_breakeven_slippage_bps": ">max_grid"
  },
  "cost_breakeven_commission_bps": "already_negative_at_zero_cost",
  "cost_breakeven_slippage_bps": "already_negative_at_zero_cost"
}
