{
  "trend_gbm": {
    "(0, 0)": -0.506592,
    "(0, 2)": -0.512765,
    "(0, 5)": -0.52201,
    "(0, 10)": -0.537381,
    "(2, 0)": -0.512765,
    "(2, 2)": -0.51893,
    "(2, 5)": -0.528164,
    "(2, 10)": -0.543515,
    "(5, 0)": -0.52201,
    "(5, 2)": -0.528164,
    "(5, 5)": -0.537381,
    "(5, 10)": -0.552701,
    "(10, 0)": -0.537381,
    "(10, 2)": -0.543515,
    "(10, 5)": -0.552701,
    "(10, 10)": -0.567967,
    "(20, 0)": -0.567967,
    "(20, 2)": -0.574058,
    "(20, 5)": -0.583176,
    "(20, 10)": -0.598326,
    "cost_breakeven_commission_bps": "already_negative_at_zero_cost",
    "cost_breakeven_slippage_bps": "already_negative_at_zero_cost"
  },
  "mean_rev_ou": {
    "(0, 0)": -0.287038,
    "(0, 2)": -0.290362,
    "(0, 5)": -0.295344,
    "(0, 10)": -0.303637,
    "(2, 0)": -0.290362,
    "(2, 2)": -0.293683,
    "(2, 5)": -0.298662,
    "(2, 10)": -0.30695,
    "(5, 0)": -0.295344,
    "(5, 2)": -0.298662,
    "(5, 5)": -0.303637,
    "(5, 10)": -0.311916,
    "(10, 0)": -0.303637,
    "(10, 2)": -0.30695,
    "(10, 5)": -0.311916,
    "(10, 10)": -0.320182,
    "(20, 0)": -0.320182,
    "(20, 2)": -0.323484,
    "(20, 5)": -0.328432,
    "(20, 10)": -0.336667,
    "cost_breakeven_commission_bps": "already_negative_at_zero_cost",
    "cost_breakeven_slippage_bps": "already_negative_at_zero_cost"
  },
  "regime_switch": {
    "(0, 0)": -0.040703,
    "(0, 2)": -0.046897,
    "(0, 5)": -0.056188,
    "(0, 10)": -0.071671,
    "(2, 0)": -0.046897,
    "(2, 2)": -0.053091,
    "(2, 5)": -0.062382,
    "(2, 10)": -0.077863,
    "(5, 0)": -0.056188,
    "(5, 2)": -0.062382,
    "(5, 5)": -0.071671,
    "(5, 10)": -0.087149,
    "(10, 0)": -0.071671,
    "(10, 2)": -0.077863,
    "(10, 5)": -0.087149,
    "(10, 10)": -0.102619,
    "(20, 0)": -0.102619,
    "(20, 2)": -0.108804,
    "(20, 5)": -0.118078,
    "(20, 10)": -0.133524,
    "cost_breakeven_commission_bps": "already_negative_at_zero_cost",
    "cost_breakeven_slippage_bps": "already_negative_at_zero_cost"
  },
  "fat_tail": {
    "(0, 0)": -0.142273,
    "(0, 2)": -0.145376,
    "(0, 5)": -0.150033,
    "(0, 10)": -0.1578,
    "(2, 0)": -0.145376,
    "(2, 2)": -0.148481,
    "(2, 5)": -0.153139,
    "(2, 10)": -0.160908,
    "(5, 0)": -0.150033,
    "(5, 2)": -0.153139,
    "(5, 5)": -0.1578,
    "(5, 10)": -0.165572,
    "(10, 0)": -0.1578,
    "(10, 2)": -0.160908,
    "(10, 5)": -0.165572,
    "(10, 10)": -0.173347,
    "(20, 0)": -0.173347,
    "(20, 2)": -0.176458,
    "(20, 5)": -0.181126,
    "(20, 10)": -0.188906,
    "cost_breakeven_commission_bps": "already_negative_at_zero_cost",
    "cost_breakeven_slippage_bps": "already_negative_at_zero_cost"
  },
  "cost_breakeven_commission_bps": "already_negative_at_zero_cost",
  "cost_breakeven_slippage_bps": "already_negative_at_zero_cost"
}
