{
  "trend_gbm": {
    "(0, 0)": -0.07434,
    "(0, 2)": -0.13063,
    "(0, 5)": -0.215018,
    "(0, 10)": -0.355395,
    "(2, 0)": -0.13063,
    "(2, 2)": -0.186898,
    "(2, 5)": -0.27122,
    "(2, 10)": -0.411401,
    "(5, 0)": -0.215018,
    "(5, 2)": -0.27122,
    "(5, 5)": -0.355395,
    "(5, 10)": -0.495201,
    "(10, 0)": -0.355395,
    "(10, 2)": -0.411401,
    "(10, 5)": -0.495201,
    "(10, 10)": -0.634169,
    "(20, 0)": -0.634169,
    "(20, 2)": -0.689464,
    "(20, 5)": -0.772043,
    "(20, 10)": -0.908575,
    "cost_breakeven_commission_bps": "already_negative_at_zero_cost",
    "cost_breakeven_slippage_bps": "already_negative_at_zero_cost"
  },
  "mean_rev_ou": {
    "(0, 0)": 0.494136,
    "(0, 2)": 0.441716,
    "(0, 5)": 0.362962,
    "(0, 10)": 0.231515,
    "(2, 0)": 0.441716,
    "(2, 2)": 0.389227,
    "(2, 5)": 0.3104,
    "(2, 10)": 0.178921,
    "(5, 0)": 0.362962,
    "(5, 2)": 0.3104,
    "(5, 5)": 0.231515,
    "(5, 10)": 0.100068,
    "(10, 0)": 0.231515,
    "(10, 2)": 0.178921,
    "(10, 5)": 0.100068,
    "(10, 10)": -0.031107,
    "(20, 0)": -0.031107,
    "(20, 2)": -0.08344,
    "(20, 5)": -0.161741,
    "(20, 10)": -0.291573,
    "cost_breakeven_commission_bps": 20,
    "cost_breakeven_slippage_bps": ">max_grid"
  },
  "regime_switch": {
    "(0, 0)": 0.659696,
    "(0, 2)": 0.595158,
    "(0, 5)": 0.497869,
    "(0, 10)": 0.334675,
    "(2, 0)": 0.595158,
    "(2, 2)": 0.530358,
    "(2, 5)": 0.43273,
    "(2, 10)": 0.269117,
    "(5, 0)": 0.497869,
    "(5, 2)": 0.43273,
    "(5, 5)": 0.334675,
    "(5, 10)": 0.170572,
    "(10, 0)": 0.334675,
    "(10, 2)": 0.269117,
    "(10, 5)": 0.170572,
    "(10, 10)": 0.006029,
    "(20, 0)": 0.006029,
    "(20, 2)": -0.059804,
    "(20, 5)": -0.158477,
    "(20, 10)": -0.32247,
    "cost_breakeven_commission_bps": 20,
    "cost_breakeven_slippage_bps": ">max_grid"
  },
  "fat_tail": {
    "(0, 0)": 0.307161,
    "(0, 2)": 0.258424,
    "(0, 5)": 0.185327,
    "(0, 10)": 0.06365,
    "(2, 0)": 0.258424,
    "(2, 2)": 0.209689,
    "(2, 5)": 0.136625,
    "(2, 10)": 0.015075,
    "(5, 0)": 0.185327,
    "(5, 2)": 0.136625,
    "(5, 5)": 0.06365,
    "(5, 10)": -0.05764,
    "(10, 0)": 0.06365,
    "(10, 2)": 0.015075,
    "(10, 5)": -0.05764,
    "(10, 10)": -0.178315,
    "(20, 0)": -0.178315,
    "(20, 2)": -0.226364,
    "(20, 5)": -0.298157,
    "(20, 10)": -0.416953,
    "cost_breakeven_commission_bps": 10,
    "cost_breakeven_slippage_bps": 10
  },
  "cost_breakeven_commission_bps": "already_negative_at_zero_cost",
  "cost_breakeven_slippage_bps": "already_negative_at_zero_cost"
}
