{
  "trend_gbm": {
    "(0, 0)": 0.236662,
    "(0, 2)": 0.236404,
    "(0, 5)": 0.236017,
    "(0, 10)": 0.235371,
    "(2, 0)": 0.236404,
    "(2, 2)": 0.236146,
    "(2, 5)": 0.235759,
    "(2, 10)": 0.235113,
    "(5, 0)": 0.236017,
    "(5, 2)": 0.235759,
    "(5, 5)": 0.235371,
    "(5, 10)": 0.234726,
    "(10, 0)": 0.235371,
    "(10, 2)": 0.235113,
    "(10, 5)": 0.234726,
    "(10, 10)": 0.23408,
    "(20, 0)": 0.23408,
    "(20, 2)": 0.233821,
    "(20, 5)": 0.233433,
    "(20, 10)": 0.232786,
    "cost_breakeven_commission_bps": ">max_grid",
    "cost_breakeven_slippage_bps": ">max_grid"
  },
  "mean_rev_ou": {
    "(0, 0)": 0.239782,
    "(0, 2)": 0.239529,
    "(0, 5)": 0.23915,
    "(0, 10)": 0.238518,
    "(2, 0)": 0.239529,
    "(2, 2)": 0.239277,
    "(2, 5)": 0.238897,
    "(2, 10)": 0.238265,
    "(5, 0)": 0.23915,
    "(5, 2)": 0.238897,
    "(5, 5)": 0.238518,
    "(5, 10)": 0.237885,
    "(10, 0)": 0.238518,
    "(10, 2)": 0.238265,
    "(10, 5)": 0.237885,
    "(10, 10)": 0.237251,
    "(20, 0)": 0.237251,
    "(20, 2)": 0.236998,
    "(20, 5)": 0.236618,
    "(20, 10)": 0.235984,
    "cost_breakeven_commission_bps": ">max_grid",
    "cost_breakeven_slippage_bps": ">max_grid"
  },
  "regime_switch": {
    "(0, 0)": 1.218351,
    "(0, 2)": 1.218083,
    "(0, 5)": 1.21768,
    "(0, 10)": 1.217007,
    "(2, 0)": 1.218083,
    "(2, 2)": 1.217815,
    "(2, 5)": 1.217411,
    "(2, 10)": 1.216737,
    "(5, 0)": 1.21768,
    "(5, 2)": 1.217411,
    "(5, 5)": 1.217007,
    "(5, 10)": 1.216331,
    "(10, 0)": 1.217007,
    "(10, 2)": 1.216737,
    "(10, 5)": 1.216331,
    "(10, 10)": 1.215653,
    "(20, 0)": 1.215653,
    "(20, 2)": 1.215381,
    "(20, 5)": 1.214972,
    "(20, 10)": 1.214289,
    "cost_breakeven_commission_bps": ">max_grid",
    "cost_breakeven_slippage_bps": ">max_grid"
  },
  "fat_tail": {
    "(0, 0)": 0.390991,
    "(0, 2)": 0.390705,
    "(0, 5)": 0.390276,
    "(0, 10)": 0.38956,
    "(2, 0)": 0.390705,
    "(2, 2)": 0.390419,
    "(2, 5)": 0.38999,
    "(2, 10)": 0.389274,
    "(5, 0)": 0.390276,
    "(5, 2)": 0.38999,
    "(5, 5)": 0.38956,
    "(5, 10)": 0.388843,
    "(10, 0)": 0.38956,
    "(10, 2)": 0.389274,
    "(10, 5)": 0.388843,
    "(10, 10)": 0.388126,
    "(20, 0)": 0.388126,
    "(20, 2)": 0.387839,
    "(20, 5)": 0.387408,
    "(20, 10)": 0.386689,
    "cost_breakeven_commission_bps": ">max_grid",
    "cost_breakeven_slippage_bps": ">max_grid"
  },
  "cost_breakeven_commission_bps": ">max_grid",
  "cost_breakeven_slippage_bps": ">max_grid"
}
