{
  "trend_gbm": {
    "(0, 0)": -0.556571,
    "(0, 2)": -0.565117,
    "(0, 5)": -0.577927,
    "(0, 10)": -0.599249,
    "(2, 0)": -0.565117,
    "(2, 2)": -0.573658,
    "(2, 5)": -0.58646,
    "(2, 10)": -0.607767,
    "(5, 0)": -0.577927,
    "(5, 2)": -0.58646,
    "(5, 5)": -0.599249,
    "(5, 10)": -0.620532,
    "(10, 0)": -0.599249,
    "(10, 2)": -0.607767,
    "(10, 5)": -0.620532,
    "(10, 10)": -0.641771,
    "(20, 0)": -0.641771,
    "(20, 2)": -0.650254,
    "(20, 5)": -0.662962,
    "(20, 10)": -0.6841,
    "cost_breakeven_commission_bps": "already_negative_at_zero_cost",
    "cost_breakeven_slippage_bps": "already_negative_at_zero_cost"
  },
  "mean_rev_ou": {
    "(0, 0)": 0.296621,
    "(0, 2)": 0.290886,
    "(0, 5)": 0.282279,
    "(0, 10)": 0.267921,
    "(2, 0)": 0.290886,
    "(2, 2)": 0.285149,
    "(2, 5)": 0.276537,
    "(2, 10)": 0.262174,
    "(5, 0)": 0.282279,
    "(5, 2)": 0.276537,
    "(5, 5)": 0.267921,
    "(5, 10)": 0.253549,
    "(10, 0)": 0.267921,
    "(10, 2)": 0.262174,
    "(10, 5)": 0.253549,
    "(10, 10)": 0.239167,
    "(20, 0)": 0.239167,
    "(20, 2)": 0.233411,
    "(20, 5)": 0.224775,
    "(20, 10)": 0.210376,
    "cost_breakeven_commission_bps": ">max_grid",
    "cost_breakeven_slippage_bps": ">max_grid"
  },
  "regime_switch": {
    "(0, 0)": 0.722512,
    "(0, 2)": 0.715807,
    "(0, 5)": 0.705738,
    "(0, 10)": 0.688926,
    "(2, 0)": 0.715807,
    "(2, 2)": 0.709096,
    "(2, 5)": 0.699018,
    "(2, 10)": 0.682191,
    "(5, 0)": 0.705738,
    "(5, 2)": 0.699018,
    "(5, 5)": 0.688926,
    "(5, 10)": 0.672079,
    "(10, 0)": 0.688926,
    "(10, 2)": 0.682191,
    "(10, 5)": 0.672079,
    "(10, 10)": 0.655199,
    "(20, 0)": 0.655199,
    "(20, 2)": 0.648439,
    "(20, 5)": 0.63829,
    "(20, 10)": 0.621353,
    "cost_breakeven_commission_bps": ">max_grid",
    "cost_breakeven_slippage_bps": ">max_grid"
  },
  "fat_tail": {
    "(0, 0)": 0.306299,
    "(0, 2)": 0.299281,
    "(0, 5)": 0.288752,
    "(0, 10)": 0.271203,
    "(2, 0)": 0.299281,
    "(2, 2)": 0.292262,
    "(2, 5)": 0.281733,
    "(2, 10)": 0.264183,
    "(5, 0)": 0.288752,
    "(5, 2)": 0.281733,
    "(5, 5)": 0.271203,
    "(5, 10)": 0.253655,
    "(10, 0)": 0.271203,
    "(10, 2)": 0.264183,
    "(10, 5)": 0.253655,
    "(10, 10)": 0.236111,
    "(20, 0)": 0.236111,
    "(20, 2)": 0.229096,
    "(20, 5)": 0.218576,
    "(20, 10)": 0.201053,
    "cost_breakeven_commission_bps": ">max_grid",
    "cost_breakeven_slippage_bps": ">max_grid"
  },
  "cost_breakeven_commission_bps": "already_negative_at_zero_cost",
  "cost_breakeven_slippage_bps": "already_negative_at_zero_cost"
}
