{
  "trend_gbm": {
    "cagr": -0.087301,
    "volatility": 0.136775,
    "sharpe": -0.599249,
    "sortino": -0.622616,
    "calmar": -0.217777,
    "max_drawdown": -0.400873,
    "time_in_drawdown": 0.932,
    "turnover": 0.023,
    "hit_rate": 0.233233,
    "tail_ratio": 0.880718,
    "exposure": 0.475,
    "deflated_sharpe": 0.11507,
    "walk_forward": {
      "oos_sharpe_mean": -0.904332,
      "oos_sharpe_std": 1.014869,
      "oos_cagr_mean": -0.081372,
      "oos_max_drawdown_mean": -0.125503,
      "oos_consistency": 0.2
    }
  },
  "mean_rev_ou": {
    "cagr": 0.028169,
    "volatility": 0.140481,
    "sharpe": 0.267921,
    "sortino": 0.309781,
    "calmar": 0.143615,
    "max_drawdown": -0.196143,
    "time_in_drawdown": 0.913,
    "turnover": 0.016,
    "hit_rate": 0.254254,
    "tail_ratio": 1.048935,
    "exposure": 0.508,
    "deflated_sharpe": 0.703054,
    "walk_forward": {
      "oos_sharpe_mean": -0.023441,
      "oos_sharpe_std": 1.053019,
      "oos_cagr_mean": 0.02614,
      "oos_max_drawdown_mean": -0.100699,
      "oos_consistency": 0.4
    }
  },
  "regime_switch": {
    "cagr": 0.092358,
    "volatility": 0.143095,
    "sharpe": 0.688926,
    "sortino": 0.87087,
    "calmar": 0.348776,
    "max_drawdown": -0.264807,
    "time_in_drawdown": 0.896,
    "turnover": 0.019,
    "hit_rate": 0.326326,
    "tail_ratio": 1.109238,
    "exposure": 0.632,
    "deflated_sharpe": 0.914469,
    "walk_forward": {
      "oos_sharpe_mean": -0.488971,
      "oos_sharpe_std": 0.547274,
      "oos_cagr_mean": -0.050113,
      "oos_max_drawdown_mean": -0.099168,
      "oos_consistency": 0.2
    }
  },
  "fat_tail": {
    "cagr": 0.02619,
    "volatility": 0.123254,
    "sharpe": 0.271203,
    "sortino": 0.254839,
    "calmar": 0.113706,
    "max_drawdown": -0.23033,
    "time_in_drawdown": 0.902,
    "turnover": 0.017,
    "hit_rate": 0.214214,
    "tail_ratio": 1.024692,
    "exposure": 0.425,
    "deflated_sharpe": 0.705944,
    "walk_forward": {
      "oos_sharpe_mean": 0.238264,
      "oos_sharpe_std": 1.105616,
      "oos_cagr_mean": 0.037799,
      "oos_max_drawdown_mean": -0.07604,
      "oos_consistency": 0.6
    }
  }
}
