{
  "trend_gbm": {
    "(0, 0)": 0.134666,
    "(0, 2)": 0.117366,
    "(0, 5)": 0.091395,
    "(0, 10)": 0.048065,
    "(2, 0)": 0.117366,
    "(2, 2)": 0.100054,
    "(2, 5)": 0.074068,
    "(2, 10)": 0.030722,
    "(5, 0)": 0.091395,
    "(5, 2)": 0.074068,
    "(5, 5)": 0.048065,
    "(5, 10)": 0.0047,
    "(10, 0)": 0.048065,
    "(10, 2)": 0.030722,
    "(10, 5)": 0.0047,
    "(10, 10)": -0.038675,
    "(20, 0)": -0.038675,
    "(20, 2)": -0.056022,
    "(20, 5)": -0.082037,
    "(20, 10)": -0.125361,
    "cost_breakeven_commission_bps": 20,
    "cost_breakeven_slippage_bps": ">max_grid"
  },
  "mean_rev_ou": {
    "(0, 0)": 0.167335,
    "(0, 2)": 0.149097,
    "(0, 5)": 0.121717,
    "(0, 10)": 0.076038,
    "(2, 0)": 0.149097,
    "(2, 2)": 0.130846,
    "(2, 5)": 0.103451,
    "(2, 10)": 0.057755,
    "(5, 0)": 0.121717,
    "(5, 2)": 0.103451,
    "(5, 5)": 0.076038,
    "(5, 10)": 0.030323,
    "(10, 0)": 0.076038,
    "(10, 2)": 0.057755,
    "(10, 5)": 0.030323,
    "(10, 10)": -0.0154,
    "(20, 0)": -0.0154,
    "(20, 2)": -0.033686,
    "(20, 5)": -0.061107,
    "(20, 10)": -0.106771,
    "cost_breakeven_commission_bps": 20,
    "cost_breakeven_slippage_bps": ">max_grid"
  },
  "regime_switch": {
    "(0, 0)": 0.475428,
    "(0, 2)": 0.455638,
    "(0, 5)": 0.425929,
    "(0, 10)": 0.376361,
    "(2, 0)": 0.455638,
    "(2, 2)": 0.435835,
    "(2, 5)": 0.406108,
    "(2, 10)": 0.356522,
    "(5, 0)": 0.425929,
    "(5, 2)": 0.406108,
    "(5, 5)": 0.376361,
    "(5, 10)": 0.326754,
    "(10, 0)": 0.376361,
    "(10, 2)": 0.356522,
    "(10, 5)": 0.326754,
    "(10, 10)": 0.277134,
    "(20, 0)": 0.277134,
    "(20, 2)": 0.257289,
    "(20, 5)": 0.227529,
    "(20, 10)": 0.177967,
    "cost_breakeven_commission_bps": ">max_grid",
    "cost_breakeven_slippage_bps": ">max_grid"
  },
  "fat_tail": {
    "(0, 0)": 0.27036,
    "(0, 2)": 0.2485,
    "(0, 5)": 0.215719,
    "(0, 10)": 0.161124,
    "(2, 0)": 0.2485,
    "(2, 2)": 0.226645,
    "(2, 5)": 0.193873,
    "(2, 10)": 0.139308,
    "(5, 0)": 0.215719,
    "(5, 2)": 0.193873,
    "(5, 5)": 0.161124,
    "(5, 10)": 0.106616,
    "(10, 0)": 0.161124,
    "(10, 2)": 0.139308,
    "(10, 5)": 0.106616,
    "(10, 10)": 0.052232,
    "(20, 0)": 0.052232,
    "(20, 2)": 0.030522,
    "(20, 5)": -0.001988,
    "(20, 10)": -0.056006,
    "cost_breakeven_commission_bps": 20,
    "cost_breakeven_slippage_bps": ">max_grid"
  },
  "cost_breakeven_commission_bps": 20,
  "cost_breakeven_slippage_bps": ">max_grid"
}
