{
  "trend_gbm": {
    "mean_sharpe": 0.138118,
    "std_sharpe": 0.139406,
    "min_sharpe": -0.106207,
    "max_sharpe": 0.439434,
    "n_trials": 125,
    "sensitivity_score": 1.00933
  },
  "mean_rev_ou": {
    "mean_sharpe": 0.025868,
    "std_sharpe": 0.192738,
    "min_sharpe": -0.343895,
    "max_sharpe": 0.330473,
    "n_trials": 125,
    "sensitivity_score": 7.450959
  },
  "regime_switch": {
    "mean_sharpe": 0.492567,
    "std_sharpe": 0.241425,
    "min_sharpe": 0.098435,
    "max_sharpe": 0.903001,
    "n_trials": 125,
    "sensitivity_score": 0.490137
  },
  "fat_tail": {
    "mean_sharpe": 0.188859,
    "std_sharpe": 0.093927,
    "min_sharpe": 0.017389,
    "max_sharpe": 0.38769,
    "n_trials": 125,
    "sensitivity_score": 0.49734
  }
}
