{
  "trend_gbm": {
    "(0, 0)": -0.403751,
    "(0, 2)": -0.449906,
    "(0, 5)": -0.518991,
    "(0, 10)": -0.633641,
    "(2, 0)": -0.449906,
    "(2, 2)": -0.495984,
    "(2, 5)": -0.564931,
    "(2, 10)": -0.679298,
    "(5, 0)": -0.518991,
    "(5, 2)": -0.564931,
    "(5, 5)": -0.633641,
    "(5, 10)": -0.747532,
    "(10, 0)": -0.633641,
    "(10, 2)": -0.679298,
    "(10, 5)": -0.747532,
    "(10, 10)": -0.860495,
    "(20, 0)": -0.860495,
    "(20, 2)": -0.905384,
    "(20, 5)": -0.97237,
    "(20, 10)": -1.083007,
    "cost_breakeven_commission_bps": "already_negative_at_zero_cost",
    "cost_breakeven_slippage_bps": "already_negative_at_zero_cost"
  },
  "mean_rev_ou": {
    "(0, 0)": -0.229704,
    "(0, 2)": -0.285341,
    "(0, 5)": -0.368756,
    "(0, 10)": -0.507505,
    "(2, 0)": -0.285341,
    "(2, 2)": -0.34096,
    "(2, 5)": -0.424309,
    "(2, 10)": -0.562851,
    "(5, 0)": -0.368756,
    "(5, 2)": -0.424309,
    "(5, 5)": -0.507505,
    "(5, 10)": -0.645643,
    "(10, 0)": -0.507505,
    "(10, 2)": -0.562851,
    "(10, 5)": -0.645643,
    "(10, 10)": -0.782866,
    "(20, 0)": -0.782866,
    "(20, 2)": -0.837432,
    "(20, 5)": -0.918878,
    "(20, 10)": -1.053396,
    "cost_breakeven_commission_bps": "already_negative_at_zero_cost",
    "cost_breakeven_slippage_bps": "already_negative_at_zero_cost"
  },
  "regime_switch": {
    "(0, 0)": 0.563842,
    "(0, 2)": 0.508746,
    "(0, 5)": 0.426147,
    "(0, 10)": 0.288759,
    "(2, 0)": 0.508746,
    "(2, 2)": 0.453671,
    "(2, 5)": 0.371138,
    "(2, 10)": 0.233956,
    "(5, 0)": 0.426147,
    "(5, 2)": 0.371138,
    "(5, 5)": 0.288759,
    "(5, 10)": 0.151971,
    "(10, 0)": 0.288759,
    "(10, 2)": 0.233956,
    "(10, 5)": 0.151971,
    "(10, 10)": 0.016068,
    "(20, 0)": 0.016068,
    "(20, 2)": -0.037985,
    "(20, 5)": -0.118681,
    "(20, 10)": -0.252016,
    "cost_breakeven_commission_bps": 20,
    "cost_breakeven_slippage_bps": ">max_grid"
  },
  "fat_tail": {
    "(0, 0)": 0.162875,
    "(0, 2)": 0.110432,
    "(0, 5)": 0.031934,
    "(0, 10)": -0.098317,
    "(2, 0)": 0.110432,
    "(2, 2)": 0.058075,
    "(2, 5)": -0.020263,
    "(2, 10)": -0.150169,
    "(5, 0)": 0.031934,
    "(5, 2)": -0.020263,
    "(5, 5)": -0.098317,
    "(5, 10)": -0.227633,
    "(10, 0)": -0.098317,
    "(10, 2)": -0.150169,
    "(10, 5)": -0.227633,
    "(10, 10)": -0.355779,
    "(20, 0)": -0.355779,
    "(20, 2)": -0.406659,
    "(20, 5)": -0.482531,
    "(20, 10)": -0.607682,
    "cost_breakeven_commission_bps": 2,
    "cost_breakeven_slippage_bps": 2
  },
  "cost_breakeven_commission_bps": "already_negative_at_zero_cost",
  "cost_breakeven_slippage_bps": "already_negative_at_zero_cost"
}
