{
  "paired_cointegrated": {
    "(0, 0)": 0.566767,
    "(0, 2)": 0.546948,
    "(0, 5)": 0.517192,
    "(0, 10)": 0.46754,
    "(2, 0)": 0.546948,
    "(2, 2)": 0.527114,
    "(2, 5)": 0.497338,
    "(2, 10)": 0.447667,
    "(5, 0)": 0.517192,
    "(5, 2)": 0.497338,
    "(5, 5)": 0.46754,
    "(5, 10)": 0.417852,
    "(10, 0)": 0.46754,
    "(10, 2)": 0.447667,
    "(10, 5)": 0.417852,
    "(10, 10)": 0.368166,
    "(20, 0)": 0.368166,
    "(20, 2)": 0.348301,
    "(20, 5)": 0.31852,
    "(20, 10)": 0.268953,
    "cost_breakeven_commission_bps": ">max_grid",
    "cost_breakeven_slippage_bps": ">max_grid"
  },
  "cost_breakeven_commission_bps": ">max_grid",
  "cost_breakeven_slippage_bps": ">max_grid"
}
