{
  "trend_gbm": {
    "(0, 0)": 0.421515,
    "(0, 2)": 0.403055,
    "(0, 5)": 0.375344,
    "(0, 10)": 0.329125,
    "(2, 0)": 0.403055,
    "(2, 2)": 0.384583,
    "(2, 5)": 0.356861,
    "(2, 10)": 0.31063,
    "(5, 0)": 0.375344,
    "(5, 2)": 0.356861,
    "(5, 5)": 0.329125,
    "(5, 10)": 0.282888,
    "(10, 0)": 0.329125,
    "(10, 2)": 0.31063,
    "(10, 5)": 0.282888,
    "(10, 10)": 0.236666,
    "(20, 0)": 0.236666,
    "(20, 2)": 0.218188,
    "(20, 5)": 0.190488,
    "(20, 10)": 0.144387,
    "cost_breakeven_commission_bps": ">max_grid",
    "cost_breakeven_slippage_bps": ">max_grid"
  },
  "mean_rev_ou": {
    "(0, 0)": 0.390736,
    "(0, 2)": 0.371612,
    "(0, 5)": 0.342917,
    "(0, 10)": 0.295086,
    "(2, 0)": 0.371612,
    "(2, 2)": 0.352483,
    "(2, 5)": 0.323784,
    "(2, 10)": 0.275957,
    "(5, 0)": 0.342917,
    "(5, 2)": 0.323784,
    "(5, 5)": 0.295086,
    "(5, 10)": 0.247274,
    "(10, 0)": 0.295086,
    "(10, 2)": 0.275957,
    "(10, 5)": 0.247274,
    "(10, 10)": 0.199512,
    "(20, 0)": 0.199512,
    "(20, 2)": 0.180428,
    "(20, 5)": 0.151831,
    "(20, 10)": 0.104261,
    "cost_breakeven_commission_bps": ">max_grid",
    "cost_breakeven_slippage_bps": ">max_grid"
  },
  "regime_switch": {
    "(0, 0)": 0.460528,
    "(0, 2)": 0.440408,
    "(0, 5)": 0.410204,
    "(0, 10)": 0.359831,
    "(2, 0)": 0.440408,
    "(2, 2)": 0.420275,
    "(2, 5)": 0.390058,
    "(2, 10)": 0.33968,
    "(5, 0)": 0.410204,
    "(5, 2)": 0.390058,
    "(5, 5)": 0.359831,
    "(5, 10)": 0.309464,
    "(10, 0)": 0.359831,
    "(10, 2)": 0.33968,
    "(10, 5)": 0.309464,
    "(10, 10)": 0.25916,
    "(20, 0)": 0.25916,
    "(20, 2)": 0.239068,
    "(20, 5)": 0.208973,
    "(20, 10)": 0.158957,
    "cost_breakeven_commission_bps": ">max_grid",
    "cost_breakeven_slippage_bps": ">max_grid"
  },
  "fat_tail": {
    "(0, 0)": 0.430005,
    "(0, 2)": 0.412357,
    "(0, 5)": 0.385865,
    "(0, 10)": 0.341669,
    "(2, 0)": 0.412357,
    "(2, 2)": 0.394698,
    "(2, 5)": 0.368191,
    "(2, 10)": 0.323982,
    "(5, 0)": 0.385865,
    "(5, 2)": 0.368191,
    "(5, 5)": 0.341669,
    "(5, 10)": 0.297447,
    "(10, 0)": 0.341669,
    "(10, 2)": 0.323982,
    "(10, 5)": 0.297447,
    "(10, 10)": 0.253228,
    "(20, 0)": 0.253228,
    "(20, 2)": 0.235548,
    "(20, 5)": 0.209041,
    "(20, 10)": 0.164914,
    "cost_breakeven_commission_bps": ">max_grid",
    "cost_breakeven_slippage_bps": ">max_grid"
  },
  "cost_breakeven_commission_bps": ">max_grid",
  "cost_breakeven_slippage_bps": ">max_grid"
}
