{
  "trend_gbm": {
    "(0, 0)": -0.410333,
    "(0, 2)": -0.429765,
    "(0, 5)": -0.458893,
    "(0, 10)": -0.507372,
    "(2, 0)": -0.429765,
    "(2, 2)": -0.449186,
    "(2, 5)": -0.478296,
    "(2, 10)": -0.526737,
    "(5, 0)": -0.458893,
    "(5, 2)": -0.478296,
    "(5, 5)": -0.507372,
    "(5, 10)": -0.555748,
    "(10, 0)": -0.507372,
    "(10, 2)": -0.526737,
    "(10, 5)": -0.555748,
    "(10, 10)": -0.603998,
    "(20, 0)": -0.603998,
    "(20, 2)": -0.623257,
    "(20, 5)": -0.652098,
    "(20, 10)": -0.700025,
    "cost_breakeven_commission_bps": "already_negative_at_zero_cost",
    "cost_breakeven_slippage_bps": "already_negative_at_zero_cost"
  },
  "mean_rev_ou": {
    "(0, 0)": -0.109804,
    "(0, 2)": -0.117372,
    "(0, 5)": -0.128724,
    "(0, 10)": -0.147639,
    "(2, 0)": -0.117372,
    "(2, 2)": -0.12494,
    "(2, 5)": -0.136291,
    "(2, 10)": -0.155203,
    "(5, 0)": -0.128724,
    "(5, 2)": -0.136291,
    "(5, 5)": -0.147639,
    "(5, 10)": -0.166545,
    "(10, 0)": -0.147639,
    "(10, 2)": -0.155203,
    "(10, 5)": -0.166545,
    "(10, 10)": -0.185438,
    "(20, 0)": -0.185438,
    "(20, 2)": -0.192991,
    "(20, 5)": -0.204314,
    "(20, 10)": -0.22317,
    "cost_breakeven_commission_bps": "already_negative_at_zero_cost",
    "cost_breakeven_slippage_bps": "already_negative_at_zero_cost"
  },
  "regime_switch": {
    "(0, 0)": 1.260793,
    "(0, 2)": 1.255391,
    "(0, 5)": 1.247273,
    "(0, 10)": 1.233704,
    "(2, 0)": 1.255391,
    "(2, 2)": 1.249981,
    "(2, 5)": 1.241851,
    "(2, 10)": 1.228264,
    "(5, 0)": 1.247273,
    "(5, 2)": 1.241851,
    "(5, 5)": 1.233704,
    "(5, 10)": 1.22009,
    "(10, 0)": 1.233704,
    "(10, 2)": 1.228264,
    "(10, 5)": 1.22009,
    "(10, 10)": 1.206433,
    "(20, 0)": 1.206433,
    "(20, 2)": 1.200958,
    "(20, 5)": 1.192733,
    "(20, 10)": 1.178992,
    "cost_breakeven_commission_bps": ">max_grid",
    "cost_breakeven_slippage_bps": ">max_grid"
  },
  "fat_tail": {
    "(0, 0)": -0.514076,
    "(0, 2)": -0.534032,
    "(0, 5)": -0.563929,
    "(0, 10)": -0.61364,
    "(2, 0)": -0.534032,
    "(2, 2)": -0.553969,
    "(2, 5)": -0.583833,
    "(2, 10)": -0.633477,
    "(5, 0)": -0.563929,
    "(5, 2)": -0.583833,
    "(5, 5)": -0.61364,
    "(5, 10)": -0.663176,
    "(10, 0)": -0.61364,
    "(10, 2)": -0.633477,
    "(10, 5)": -0.663176,
    "(10, 10)": -0.712508,
    "(20, 0)": -0.712508,
    "(20, 2)": -0.732177,
    "(20, 5)": -0.761605,
    "(20, 10)": -0.810438,
    "cost_breakeven_commission_bps": "already_negative_at_zero_cost",
    "cost_breakeven_slippage_bps": "already_negative_at_zero_cost"
  },
  "cost_breakeven_commission_bps": "already_negative_at_zero_cost",
  "cost_breakeven_slippage_bps": "already_negative_at_zero_cost"
}
