{
  "trend_gbm": {
    "(0, 0)": -0.058896,
    "(0, 2)": -0.08019,
    "(0, 5)": -0.112107,
    "(0, 10)": -0.16522,
    "(2, 0)": -0.08019,
    "(2, 2)": -0.101471,
    "(2, 5)": -0.133365,
    "(2, 10)": -0.186431,
    "(5, 0)": -0.112107,
    "(5, 2)": -0.133365,
    "(5, 5)": -0.16522,
    "(5, 10)": -0.218207,
    "(10, 0)": -0.16522,
    "(10, 2)": -0.186431,
    "(10, 5)": -0.218207,
    "(10, 10)": -0.271041,
    "(20, 0)": -0.271041,
    "(20, 2)": -0.292126,
    "(20, 5)": -0.323695,
    "(20, 10)": -0.376143,
    "cost_breakeven_commission_bps": "already_negative_at_zero_cost",
    "cost_breakeven_slippage_bps": "already_negative_at_zero_cost"
  },
  "mean_rev_ou": {
    "(0, 0)": 0.252031,
    "(0, 2)": 0.230606,
    "(0, 5)": 0.19848,
    "(0, 10)": 0.144981,
    "(2, 0)": 0.230606,
    "(2, 2)": 0.209187,
    "(2, 5)": 0.177073,
    "(2, 10)": 0.123602,
    "(5, 0)": 0.19848,
    "(5, 2)": 0.177073,
    "(5, 5)": 0.144981,
    "(5, 10)": 0.091562,
    "(10, 0)": 0.144981,
    "(10, 2)": 0.123602,
    "(10, 5)": 0.091562,
    "(10, 10)": 0.038248,
    "(20, 0)": 0.038248,
    "(20, 2)": 0.016959,
    "(20, 5)": -0.014931,
    "(20, 10)": -0.06795,
    "cost_breakeven_commission_bps": 20,
    "cost_breakeven_slippage_bps": ">max_grid"
  },
  "regime_switch": {
    "(0, 0)": 1.134879,
    "(0, 2)": 1.105313,
    "(0, 5)": 1.060813,
    "(0, 10)": 0.986276,
    "(2, 0)": 1.105313,
    "(2, 2)": 1.075666,
    "(2, 5)": 1.031052,
    "(2, 10)": 0.956344,
    "(5, 0)": 1.060813,
    "(5, 2)": 1.031052,
    "(5, 5)": 0.986276,
    "(5, 10)": 0.911333,
    "(10, 0)": 0.986276,
    "(10, 2)": 0.956344,
    "(10, 5)": 0.911333,
    "(10, 10)": 0.836051,
    "(20, 0)": 0.836051,
    "(20, 2)": 0.805859,
    "(20, 5)": 0.760499,
    "(20, 10)": 0.684746,
    "cost_breakeven_commission_bps": ">max_grid",
    "cost_breakeven_slippage_bps": ">max_grid"
  },
  "fat_tail": {
    "(0, 0)": 0.886446,
    "(0, 2)": 0.854823,
    "(0, 5)": 0.80731,
    "(0, 10)": 0.727957,
    "(2, 0)": 0.854823,
    "(2, 2)": 0.823157,
    "(2, 5)": 0.775591,
    "(2, 10)": 0.696171,
    "(5, 0)": 0.80731,
    "(5, 2)": 0.775591,
    "(5, 5)": 0.727957,
    "(5, 10)": 0.648457,
    "(10, 0)": 0.727957,
    "(10, 2)": 0.696171,
    "(10, 5)": 0.648457,
    "(10, 10)": 0.568879,
    "(20, 0)": 0.568879,
    "(20, 2)": 0.537043,
    "(20, 5)": 0.489296,
    "(20, 10)": 0.409776,
    "cost_breakeven_commission_bps": ">max_grid",
    "cost_breakeven_slippage_bps": ">max_grid"
  },
  "cost_breakeven_commission_bps": "already_negative_at_zero_cost",
  "cost_breakeven_slippage_bps": "already_negative_at_zero_cost"
}
